,name,exact_match,iou,legit_yaml,average_latency (s),average_cost ($)
0,openai_gpt_4o_mini_chat_predictor,0.09978768577494693,0.25211440413702635,0.6645435244161358,0.5924776577392707,3.863885350318473e-05
1,openai_gpt_4o_chat_predictor,0.12951167728237792,0.28123878199463853,0.6985138004246284,0.5847456784258476,0.0012565711252653937
2,openai_gpt_3_5_instruct_predictor,0.027600849256900213,0.10787349460881061,0.5456475583864119,0.6200108781235486,0.00037238747346072235
3,stable_code_hf,0.12951167728237792,0.19394219136990798,0.8089171974522293,0.24507619772747063,0.0
4,codegen_350_hf,0.014861995753715499,0.06384083412811624,0.445859872611465,0.2998334885655948,0.0
5,codegen_350_mono_hf,0.012738853503184714,0.06143149847763767,0.4607218683651805,0.3199998213733584,0.0
0,deepseek_coder_v2_lite_base,0.15286624203821655,0.23311644761698475,0.89171974522293,0.8314042830416605,0.0
0,code_llama,0.15286624203821655,0.2370654605983271,0.9044585987261147,0.3316897293058424,0.0
